{
    "schemas": ["urn:scim:schemas:core:1.0", "urn:scim:schemas:extension:enterprise:1.0", "urn:okta:onprem_app:1.0:user:custom"],
    "id": "101",
    "userName": "okta",
    "name": {
        "givenName": "John",
        "familyName": "Smith"
    },
    "emails": [
        {
            "value": "jsmith@example.com",
            "primary": true,
            "type": "work"
        }
    ],
    "active": true,
    "password": "inSecure",
    "groups": [
        {
            "value": "1001",
            "display": "firstGroup"
        },
        {
            "value": "1002",
            "display": "secondGroup"
        }
    ],
    "urn:okta:onprem_app:1.0:user:custom": {
        "isAdmin": false,
        "isOkta": true,
        "departmentName": "Cloud Service"
    }
}