{
    "schemas": ["urn:scim:schemas:core:1.0", "urn:okta:onprem_app:1.0:user:custom"],
    "userName": "myemail-pending@domain.com",
    "emails": [
        {
            "primary": true,
            "value": "myemail-pending@domain.com",
            "type": "primary"
        },
        {
            "primary": false,
            "value": "mypersonalemail-pending@domain.com",
            "type": "secondary"
        }
    ],
    "phoneNumbers": [
        {
            "value": "123-444-5555",
            "type": "mobile"
        }
    ],
    "name": {
        "familyName": "LastName-pending",
        "givenName": "FirstName-pending"
    },
    "active": false,
    "password": "verySecure",
    "urn:okta:onprem_app:1.0:user:custom": {
        "isAdmin": false,
        "isOkta": false,
        "departmentName": "Testing User"
    }
}