{
    "totalResults": 2,
    "schemas": [
        "urn:scim:schemas:core:1.0"
    ],
    "Resources": [
        {
            "schemas": [
                "urn:scim:schemas:core:1.0",
                "urn:okta:custom:group:1.0"
            ],
            "id": "1001",
            "displayName": "firstGroup",
            "members": [
                {
                    "value": "101",
                    "display": "okta"
                }
            ],
            "urn:okta:custom:group:1.0": {
                "description": "This is the first group"
            }
        },
        {
            "schemas": [
                "urn:scim:schemas:core:1.0"
            ],
            "id": "1002",
            "displayName": "secondGroup",
            "members": [
                {
                    "value": "101",
                    "display": "okta"
                },
                {
                    "value": "102",
                    "display": "admin"
                }
            ]
        }
    ]
}