{
    "totalResults": 2,
    "schemas": [
        "urn:scim:schemas:core:1.0"
    ],
    "Resources": [
        {
            "schemas": [
                "urn:scim:schemas:core:1.0",
                "urn:scim:schemas:extension:enterprise:1.0",
                "urn:okta:onprem_app:1.0:user:custom"
            ],
            "id": "102",
            "userName": "admin",
            "password": "god",
            "active": false,
            "name": {
                "formatted": "Barbara Jensen",
                "givenName": "Barbara",
                "familyName": "Jensen"
            },
            "emails": [
                {
                    "value": "bjensen@example.com",
                    "primary": true,
                    "type": "work"
                }
            ],
            "groups": [
                {
                    "value": "1002",
                    "display": "secondGroup"
                }
            ],
            "urn:okta:onprem_app:1.0:user:custom": {
                "isAdmin": true,
                "isOkta": false,
                "departmentName": "Administration"
            }
        },
        {
            "schemas": [
                "urn:scim:schemas:core:1.0",
                "urn:scim:schemas:extension:enterprise:1.0",
                "urn:okta:onprem_app:1.0:user:custom"
            ],
            "id": "101",
            "userName": "okta",
            "password": "inSecure",
            "active": true,
            "name": {
                "formatted": "John Smith",
                "givenName": "John",
                "familyName": "Smith"
            },
            "emails": [
                {
                    "value": "jsmith@example.com",
                    "primary": true,
                    "type": "work"
                }
            ],
            "groups": [
                {
                    "value": "1001",
                    "display": "firstGroup"
                },
                {
                    "value": "1002",
                    "display": "secondGroup"
                }
            ],
            "urn:okta:onprem_app:1.0:user:custom": {
                "isAdmin": false,
                "isOkta": true,
                "departmentName": "Cloud Service"
            }
        }
    ]
}