{
    "schemas": ["urn:scim:schemas:core:1.0", "urn:scim:schemas:extension:enterprise:1.0", "urn:okta:onprem_mysql_app:1.0:user:custom"],
    "id": "497444",
    "name": {
        "formatted": "Hercules Gimarc",
        "givenName": "Hercules",
        "familyName": "Gimarc"
    },
    "userName": "GimarcHercules@mysql-db.org",
    "emails": [
        {
            "value": "GimarcHercules@mysql-db.org",
            "primary": true,
            "type": "work"
        }
    ],
    "active": true,
    "groups": [
        {
            "value": "d007",
            "display": "Sales"
        }
    ],
    "urn:okta:onprem_mysql_app:1.0:user:custom": {
        "birth_date": "1959-10-01",
        "gender": "F",
        "hire_date": "1988-12-16"
    }
}