{
    "schemas": ["urn:scim:schemas:core:1.0", "urn:okta:onprem_mysql_app:1.0:user:custom"],
    "userName": "TroyMcClure@mysql-db.org",
    "emails": [
        {
            "primary": true,
            "value": "TroyMcClure@mysql-db.org",
            "type": "primary"
        }
    ],
    "name": {
        "formatted": "Troy McClure",
        "familyName": "McClure",
        "givenName": "Troy"
    },
    "active": false,
    "password": "veryInSecure",
    "groups": [
        {
            "display": "Sales",
            "value": "d007"
        },
        {
            "display": "Customer Service",
            "value": "d009"
        }
    ],
    "urn:okta:onprem_mysql_app:1.0:user:custom": {
        "birth_date": "1973-12-12",
        "gender": "M",
        "hire_date": "2012-10-01"
    }
}