{
    "schemas": ["urn:scim:schemas:core:1.0", "urn:okta:onprem_mysql_app:1.0:user:custom"],
    "userName": "SimpsonHomer@mysql-db.org",
    "emails": [
        {
            "primary": true,
            "value": "SimpsonHomer@mysql-db.org",
            "type": "primary"
        }
    ],
    "name": {
        "formatted": "Homer Simpson",
        "familyName": "Simpson",
        "givenName": "Homer"
    },
    "active": true,
    "password": "verySecure",
    "groups": [
        {
            "display": "Development",
            "value": "d005"
        },
        {
            "display": "Quality Management",
            "value": "d006"
        },
        {
            "display": "Production",
            "value": "d004"
        }
    ],
    "urn:okta:onprem_mysql_app:1.0:user:custom": {
        "birth_date": "1972-05-12",
        "gender": "M",
        "hire_date": "2012-10-01"
    }
}